,episode,time,agent_type,agent_id,x,y,theta,vx,vy,u_v,u_omega,goal_x,goal_y
0,0,0.0999999999999999,robot,0,-3.2989917989854414,-0.4975734661745932,0.0,0.0,0.0,1.8000000179484308,0.4130506649065357,2.2004527863970527,-0.4046980602185517
1,0,0.0999999999999999,pedestrian,1,1.46416555241451,-2.183065659654565,-0.4084793070552692,-0.1997609519423221,0.127218867599097,,,,
2,0,0.0999999999999999,pedestrian,2,0.1151580691373672,-1.867587285796176,1.4395688255853272,-1.1626983258446946,1.2426751195934338,,,,
3,0,0.0999999999999999,pedestrian,3,-0.7380287854610053,-1.1298409552764324,1.0230611224842572,-0.0243467434230157,-0.0794573044114078,,,,
4,0,0.0999999999999999,pedestrian,4,2.338213453369656,1.1045204126686852,2.741110394230819,-0.0392763522133777,0.0214848211670268,,,,
5,0,0.0999999999999999,pedestrian,5,2.741137723189889,-1.8442251261230835,-1.9855518184302992,0.0097674086850716,0.0373514223449298,,,,
6,0,0.0999999999999999,pedestrian,6,0.3902432402175925,-2.1262671832947646,-2.0968318317297463,1.1661893443501026,-0.9732587707671402,,,,
7,0,0.0999999999999999,pedestrian,7,0.927452489597169,2.7933881424252625,-2.655359226903934,-0.1650053499449226,-0.093029604762746,,,,
8,0,0.0999999999999999,pedestrian,8,-0.5159138085493494,-2.8278042423786927,0.3887366243195628,0.2343537906321405,0.0806371488837116,,,,
9,0,0.0999999999999999,pedestrian,9,2.008791566961743,-0.8403033880186497,-3.13318095019626,-1.095406910682716,-0.6705814196983702,,,,
10,0,0.0999999999999999,pedestrian,10,1.2288797542698036,-3.0009151445571844,1.3910093873433846,-0.0377148845043448,-0.1287041750547561,,,,
11,0,0.0999999999999999,pedestrian,11,2.6294182036064244,-0.3502635490799498,0.3423020531203196,0.8915897374837486,0.6638321365028579,,,,
12,0,0.21,robot,0,-3.1010509081416315,-0.4934849040350776,0.0454355731397186,1.7981423853603926,0.081755896330408,1.80000001797985,-0.0492044808405784,2.2004527863970527,-0.4046980602185517
13,0,0.21,pedestrian,1,1.441157728869308,-2.161142200127827,-1.1797008332584211,-0.172085985070632,0.260476843547651,,,,
14,0,0.21,pedestrian,2,-0.0186560756878243,-1.742660835364786,0.8601828657346935,-1.3249554505242584,1.0116953895203735,,,,
15,0,0.21,pedestrian,3,-0.7391636115464593,-1.1352747869477813,0.4534311404796473,0.0326285188660848,0.0029030255144871,,,,
16,0,0.21,pedestrian,4,2.329270857235331,1.107715157116838,3.106295242262477,-0.1426395563706987,0.0304137061076366,,,,
17,0,0.21,pedestrian,5,2.7415442628298368,-1.8416460358733169,-2.4346030046596003,-0.0162377976949469,-0.0037822738224407,,,,
18,0,0.21,pedestrian,6,0.5217675251263351,-2.2225374271997933,-1.478699365251358,1.2692641218410887,-0.8343852891547506,,,,
19,0,0.21,pedestrian,7,0.90209877841445,2.779984390948118,-2.7360255905927224,-0.3051789310366977,-0.1501431301092952,,,,
20,0,0.21,pedestrian,8,-0.480769057542255,-2.813754877024957,0.5184697626549251,0.4113555501499306,0.1889513442437926,,,,
21,0,0.21,pedestrian,9,1.8942419975836264,-0.8919581007129546,-3.716660937004797,-0.930747917114884,-0.2061817761302716,,,,
22,0,0.21,pedestrian,10,1.2245799037253222,-3.0154938483647027,1.82851272204072,-0.041063359822419,-0.1100555177612726,,,,
23,0,0.21,pedestrian,11,2.7162192914282564,-0.2934080615387548,-0.639823925324351,0.6359855181228528,0.3073809992980171,,,,
24,0,0.3200000000000001,robot,0,-2.9032339586749227,-0.4849784141055795,0.0400230802472547,1.7985585481414703,0.0720223134501163,1.8000000179399935,0.0414641732572066,2.2004527863970527,-0.4046980602185517
25,0,0.3200000000000001,pedestrian,1,1.431292873736678,-2.134104230273356,-1.762165232147081,0.0151794175677399,0.197332809737471,,,,
26,0,0.3200000000000001,pedestrian,2,-0.1244826289451949,-1.6552498378019938,0.5308704324310596,-0.5283285506209404,0.5041372589173343,,,,
27,0,0.3200000000000001,pedestrian,3,-0.7291258457370571,-1.1296902617568512,0.0567377277475543,0.1507887480443854,0.1066316529592762,,,,
28,0,0.3200000000000001,pedestrian,4,2.3069395406054443,1.1092549394993862,3.3880318678846773,-0.2752402162492719,-0.0164061234076604,,,,
29,0,0.3200000000000001,pedestrian,5,2.7354069765617943,-1.844947848547516,-2.7979648280417626,-0.114415634140049,-0.0558600885396884,,,,
30,0,0.3200000000000001,pedestrian,6,0.6323376103162528,-2.321783141096672,-0.9944685606857432,0.7219031047586877,-0.9170550394103544,,,,
31,0,0.3200000000000001,pedestrian,7,0.862395152545948,2.7618686026076693,-2.8003073354676755,-0.4239366313760396,-0.1778364115302071,,,,
32,0,0.3200000000000001,pedestrian,8,-0.4288652577819317,-2.7868763154680085,0.6115085285052486,0.5358657759175511,0.3111636529145297,,,,
33,0,0.3200000000000001,pedestrian,9,1.8034777695917488,-0.8933599977203254,-4.060606464608362,-0.7072572602271953,0.193558596163508,,,,
34,0,0.3200000000000001,pedestrian,10,1.2187361745379064,-3.02246368120706,2.1606813459761693,-0.0750201351375747,-0.0054610289264367,,,,
35,0,0.3200000000000001,pedestrian,11,2.772900409627214,-0.2768821414011159,-1.2010046057738846,0.3886263878253519,-0.0197676418700283,,,,
36,0,0.4300000000000002,robot,0,-2.7054095385111983,-0.4766458175213326,0.0445841393055479,1.798211343307584,0.0802248676154194,1.8000000179348223,0.0721056284392299,2.2004527863970527,-0.4046980602185517
37,0,0.4300000000000002,pedestrian,1,1.4401192208115976,-2.118422093588448,-2.148792721540463,0.1329716902141855,0.0855440948389427,,,,
38,0,0.4300000000000002,pedestrian,2,-0.1484498503060839,-1.6208751037663198,0.3705867363832467,0.1266197239000313,0.1228231498750941,,,,
39,0,0.4300000000000002,pedestrian,3,-0.7118670728260268,-1.1129277193088762,-0.1892083779610618,0.1396279370200201,0.2015894217752137,,,,
40,0,0.4300000000000002,pedestrian,4,2.270697747013448,1.1031309438561665,3.577153528218414,-0.3889154032368677,-0.1080409497640678,,,,
41,0,0.4300000000000002,pedestrian,5,2.716269568769325,-1.8518605607511944,-3.0505478134225803,-0.2469789012223011,-0.061760651173494,,,,
42,0,0.4300000000000002,pedestrian,6,0.6960389000341423,-2.416119590895482,-0.6435085625611509,0.4309422093462817,-0.7392051216424581,,,,
43,0,0.4300000000000002,pedestrian,7,0.810697519612671,2.7417102440055245,-2.8463638066946886,-0.5214903107210008,-0.1874029902085082,,,,
44,0,0.4300000000000002,pedestrian,8,-0.3654145922942394,-2.746761282768853,0.6726887407323835,0.6197626812375999,0.426276701519109,,,,
45,0,0.4300000000000002,pedestrian,9,1.734343536136299,-0.8572636202353339,-4.24798128707471,-0.5455791993204113,0.4718359845547819,,,,
46,0,0.4300000000000002,pedestrian,10,1.2084766877474933,-3.0201365275996714,2.3788664547773344,-0.1007450476245448,0.0231794813710695,,,,
47,0,0.4300000000000002,pedestrian,11,2.806773767338286,-0.2921173635697888,-1.495121067711176,0.2208300893603311,-0.2705143761200894,,,,
48,0,0.5400000000000003,robot,0,-2.507639905986021,-0.4671080294009088,0.0525157584338624,1.797518473915113,0.0944849220735411,1.8000000179289417,0.1150588125647061,2.2004527863970527,-0.4046980602185517
49,0,0.5400000000000003,pedestrian,1,1.4550909845660611,-2.1123216638981765,-2.3881071260872573,0.1204221442473328,0.0261495787536836,,,,
50,0,0.5400000000000003,pedestrian,2,-0.1097375185768673,-1.6164302272659632,0.2909847552786219,0.576962102491872,-0.0130286923054621,,,,
51,0,0.5400000000000003,pedestrian,3,-0.6987638053422847,-1.0895813630902127,-0.3406429263433092,0.1116193791613307,0.1980368205369391,,,,
52,0,0.5400000000000003,pedestrian,4,2.223549469946561,1.0859605883991583,3.699679963303109,-0.4707290966549067,-0.2140787510076767,,,,
53,0,0.5400000000000003,pedestrian,5,2.682685525949456,-1.85709478416306,-3.217066088476644,-0.3716506646789241,-0.024805728086395,,,,
54,0,0.5400000000000003,pedestrian,6,0.7283090546669222,-2.477522865205638,-0.4015284694808549,0.1018839107347106,-0.3033860280984262,,,,
55,0,0.5400000000000003,pedestrian,7,0.7492589732102442,2.721024668710091,-2.8787824154191672,-0.5997173179432144,-0.187741147286923,,,,
56,0,0.5400000000000003,pedestrian,8,-0.2942859131625358,-2.694838702859149,0.7129589461313454,0.6741279510630471,0.5229998352207552,,,,
57,0,0.5400000000000003,pedestrian,9,1.680094843024583,-0.7948308402621681,-4.354629894390951,-0.4384305275015668,0.6710362145227943,,,,
58,0,0.5400000000000003,pedestrian,10,1.2025076221244542,-3.0253101369822,2.5190125438929813,0.0420198054869408,-0.1747940832345645,,,,
59,0,0.5400000000000003,pedestrian,11,2.8242961408999725,-0.3322459910097252,-1.655134505364827,0.0901458948247177,-0.4692746219001859,,,,
60,0,0.6500000000000004,robot,0,-2.3099772462001247,-0.4555774306856576,0.0651722278159816,1.7961786933914703,0.1172269847377337,1.8000000179718492,0.1073310282252739,2.2004527863970527,-0.4046980602185517
61,0,0.6500000000000004,pedestrian,1,1.464328099585552,-2.11171599967668,-2.5300422939830773,0.031263338080718,-0.0201980558624363,,,,
62,0,0.6500000000000004,pedestrian,2,-0.0330390923139592,-1.6166817934663098,0.2488232150761852,0.8120579649996612,0.0277250312727308,,,,
63,0,0.6500000000000004,pedestrian,3,-0.6833610177061125,-1.0731636371385431,-0.4328173111507319,0.1906696906082702,0.0782435682525862,,,,
64,0,0.6500000000000004,pedestrian,4,2.1687895774803447,1.0572911799939737,3.779323846151052,-0.5263815107106156,-0.3143837301577045,,,,
65,0,0.6500000000000004,pedestrian,5,2.636528757594304,-1.8570480562844291,-3.3256327727823862,-0.472508636703938,0.0325384689063434,,,,
66,0,0.6500000000000004,pedestrian,6,0.7220130288783521,-2.488884972340537,-0.2366670390324376,-0.2014062899398561,0.0764712668605825,,,,
67,0,0.6500000000000004,pedestrian,7,0.6800643383171984,2.7005318202342203,-2.9018101710148048,-0.661529711512428,-0.184170233244933,,,,
68,0,0.6500000000000004,pedestrian,8,-0.2185123315603043,-2.6334333195025543,0.7401684062582372,0.7003871884130913,0.5955714366019241,,,,
69,0,0.6500000000000004,pedestrian,9,1.635665292245059,-0.7132717797860391,-4.419100855844607,-0.3677178013944879,0.8181583409633769,,,,
70,0,0.6500000000000004,pedestrian,10,1.2182900246142316,-3.0572231512921886,2.6132087903442134,0.2331553106221946,-0.3824780755488605,,,,
71,0,0.6500000000000004,pedestrian,11,2.828620370845393,-0.3919724380885306,-1.7470771219217789,-0.0179516137725476,-0.6241729691425788,,,,
72,0,0.7600000000000005,robot,0,-2.112470773865325,-0.4416224121376453,0.0769786409207609,1.794669510910241,0.1384247496217833,1.8000000179148523,0.0433006518350477,2.2004527863970527,-0.4046980602185517
73,0,0.7600000000000005,pedestrian,1,1.461983574762675,-2.116485134313283,-2.612609381687513,-0.0855768380095242,-0.0709495053461506,,,,
74,0,0.7600000000000005,pedestrian,2,0.0631123311062449,-1.6096153517926814,0.2249307875021839,0.9360562749954708,0.1083814734980011,,,,
75,0,0.7600000000000005,pedestrian,3,-0.6559337551786231,-1.0719606769708327,-0.4874746063732931,0.3236013506949834,-0.0691770047901771,,,,
76,0,0.7600000000000005,pedestrian,4,2.1088605609213453,1.018254851689612,3.8321344385338327,-0.5643813160546196,-0.4006161681822948,,,,
77,0,0.7600000000000005,pedestrian,5,2.580516462423317,-1.8504182037846943,-3.3971357214184565,-0.5491740452509231,0.0931002216704204,,,,
78,0,0.7600000000000005,pedestrian,6,0.6981928716570958,-2.4757423440773936,-0.1232099140727742,-0.1769589676977041,0.1302845412499549,,,,
79,0,0.7600000000000005,pedestrian,7,0.6047657406377422,2.6805076607219136,-2.9184711774967718,-0.7099659438851949,-0.1794078782533908,,,,
80,0,0.7600000000000005,pedestrian,8,-0.1421878085284355,-2.565577222524152,0.7592227081432111,0.6697181115112962,0.6350665427642085,,,,
81,0,0.7600000000000005,pedestrian,9,1.5977547914990171,-0.6174560684304601,-4.46033598499936,-0.3202840526564245,0.9289673574452924,,,,
82,0,0.7600000000000005,pedestrian,10,1.2438471676406613,-3.097910744274075,2.6746135147769023,0.1957077550463558,-0.3200395761989732,,,,
83,0,0.7600000000000005,pedestrian,11,2.822055089352409,-0.4668888629274214,-1.802871601813007,-0.106337396057691,-0.7436501094848158,,,,
84,0,0.8700000000000006,robot,0,-1.9150907417095373,-0.425968333397454,0.0817417126226156,1.793989828676344,0.1469712866490968,1.800000017906568,-0.0171886313336473,2.2004527863970527,-0.4046980602185517
85,0,0.8700000000000006,pedestrian,1,1.4471921903222595,-2.1264346464144555,-2.660716803927951,-0.1852183300495119,-0.1093741898488642,,,,
86,0,0.8700000000000006,pedestrian,2,0.1702155978425913,-1.593916840875124,0.210410896458736,1.0135891525575764,0.1817870445227318,,,,
87,0,0.8700000000000006,pedestrian,3,-0.6134292769802131,-1.086391802282684,-0.5198063079300009,0.4599432734029736,-0.2015593853875185,,,,
88,0,0.8700000000000006,pedestrian,4,2.045361992163928,0.9705194457505698,3.8680932392987937,-0.5910887205509329,-0.471189884542594,,,,
89,0,0.8700000000000006,pedestrian,5,2.517112552449488,-1.8373536512255295,-3.445203753570808,-0.605865780493358,0.1481480151635531,,,,
90,0,0.8700000000000006,pedestrian,6,0.6911806911960334,-2.463867790274333,-0.0523614015303748,0.1113564334214823,0.075676133641564,,,,
91,0,0.8700000000000006,pedestrian,7,0.5246946093614896,2.6610128378382414,-2.9307849918851137,-0.7477486170920014,-0.174669110220548,,,,
92,0,0.8700000000000006,pedestrian,8,-0.0753748476701367,-2.495683862210779,0.7732457050089654,0.5000100516403339,0.6261043058671063,,,,
93,0,0.8700000000000006,pedestrian,9,1.5642611160326818,-0.5108410279455065,-4.48804001306151,-0.287652785919899,1.0134453506796242,,,,
94,0,0.8700000000000006,pedestrian,10,1.258401475332327,-3.1260273822141484,2.709940630325056,0.0495253821487327,-0.1794944973454962,,,,
95,0,0.8700000000000006,pedestrian,11,2.806673816157398,-0.5535084248659614,-1.838500715618708,-0.1770349215774674,-0.8356403667911478,,,,
96,0,0.9800000000000006,robot,0,-1.7177380682971215,-0.4099710994428275,0.079850963175915,1.7942645076852417,0.1435790406872918,1.8000000178886033,-0.1579892973911063,2.2004527863970527,-0.4046980602185517
97,0,0.9800000000000006,pedestrian,1,1.4249903575425296,-2.1387620125732147,-2.68933815364052,-0.1941300170261287,-0.1017623997273957,,,,
98,0,0.9800000000000006,pedestrian,2,0.2847557397308252,-1.5708055321231165,0.200830776774676,1.0725679682557467,0.2405436702189915,,,,
99,0,0.9800000000000006,pedestrian,3,-0.5566151211151178,-1.1142335632207083,-0.5393384180520159,0.5809164143689174,-0.3107916015759123,,,,
100,0,0.9800000000000006,pedestrian,4,1.9793196331252996,0.9157556594105442,3.893279774107517,-0.6104564331371666,-0.5274292780613228,,,,
101,0,0.9800000000000006,pedestrian,5,2.448285407719668,-1.8186570133261823,-3.4783323526322936,-0.6470315711765668,0.1944573644864101,,,,
102,0,0.9800000000000006,pedestrian,6,0.722381834340213,-2.4592935008871493,-0.0118600595850311,0.4595501059922574,-0.0053928759463762,,,,
103,0,0.9800000000000006,pedestrian,7,0.4409049440067456,2.642017541677361,-2.94008391840638,-0.7771520812505955,-0.1704059875998209,,,,
104,0,0.9800000000000006,pedestrian,8,-0.0341504995692768,-2.429053807329926,0.7843884671532485,0.2325660001235808,0.5778426723476507,,,,
105,0,0.9800000000000006,pedestrian,9,1.5338472292335774,-0.3959658074431932,-4.507458707265845,-0.2644558645746003,1.0782625076047527,,,,
106,0,0.9800000000000006,pedestrian,10,1.2562395815814669,-3.140043873929892,2.728880853935083,-0.0976635358524063,-0.075226507052096,,,,
107,0,0.9800000000000006,pedestrian,11,2.7842922507895738,-0.6491326228731726,-1.8623291816953529,-0.2327046316585951,-0.9062575510141054,,,,
108,0,1.0900000000000007,robot,0,-1.5202528347512343,-0.3957371694095493,0.0624721404628911,1.7964886685745405,0.1123767239344838,1.8000000178836606,-0.5775026323448295,2.2004527863970527,-0.4046980602185517
109,0,1.0900000000000007,pedestrian,1,1.4123619414009525,-2.1450080560713123,-2.707166437473921,0.0354523348566089,0.0260773028647286,,,,
110,0,1.0900000000000007,pedestrian,2,0.4053164455971696,-1.5424232805774043,0.1940540732936265,1.122288904555717,0.2735103406259023,,,,
111,0,1.0900000000000007,pedestrian,3,-0.4874549975061039,-1.1529956296680268,-0.5515216907201279,0.6826714024371976,-0.3987682548103031,,,,
112,0,1.0900000000000007,pedestrian,4,1.9114170899127152,0.8554402582893038,3.9114169119467297,-0.6246701646263978,-0.5712448184292156,,,,
113,0,1.0900000000000007,pedestrian,5,2.375570910994414,-1.7953380523727689,-3.5017674344786,-0.6756577529592803,0.2312930641483981,,,,
114,0,1.0900000000000007,pedestrian,6,0.7746793761453942,-2.4656063746351133,0.0112923756774079,0.3910760212307386,-0.1269847968606661,,,,
115,0,1.0900000000000007,pedestrian,7,0.3542229790223998,2.623462310686194,-2.9472527496004512,-0.8000103423033192,-0.1667219284311772,,,,
116,0,1.0900000000000007,pedestrian,8,-0.0155158862244255,-2.3679257914671705,0.7928661497242573,0.1332093318566863,0.5336838254068129,,,,
117,0,1.0900000000000007,pedestrian,9,1.5056522997580597,-0.2747567883184684,-4.521577357208403,-0.2475115429818395,1.12770266735411,,,,
118,0,1.0900000000000007,pedestrian,10,1.239857415301131,-3.145766392193916,2.7388958120939404,-0.1992359127156978,-0.0381037655537991,,,,
119,0,1.0900000000000007,pedestrian,11,2.7564357296983606,-0.7516196788984397,-1.8789379315883377,-0.2757293535992911,-0.9591522688580406,,,,
120,0,1.2000000000000008,robot,0,-1.322397566570614,-0.3890873220009828,-0.0010531490950387,1.7999990196730282,-0.0018956680394823,1.8000000178714404,-0.3918429098625745,2.2004527863970527,-0.4046980602185517
121,0,1.2000000000000008,pedestrian,1,1.4347384183691392,-2.131761779426504,-2.7190784629785973,0.367537960901665,0.2150694896646737,,,,
122,0,1.2000000000000008,pedestrian,2,0.530729654097004,-1.5118225014682545,0.1892450445066465,1.1585457774779042,0.2800907628862288,,,,
123,0,1.2000000000000008,pedestrian,3,-0.4080039954661234,-1.2005259254826166,-0.5593883421167944,0.766883191826064,-0.4691808442767753,,,,
124,0,1.2000000000000008,pedestrian,4,1.8422014669316975,0.7909497554869607,3.924825673564222,-0.6331991752151104,-0.6006522828476583,,,,
125,0,1.2000000000000008,pedestrian,5,2.300395078288924,-1.7684427296811345,-3.518777850721849,-0.6887730254838631,0.2587224986667381,,,,
126,0,1.2000000000000008,pedestrian,6,0.7982459513437494,-2.484672655233666,0.0267374276373495,0.0150903820963492,-0.1962693946450355,,,,
127,0,1.2000000000000008,pedestrian,7,0.2652929417110034,2.6052845680331536,-2.9528874895045347,-0.8177749885099992,-0.1635804442257449,,,,
128,0,1.2000000000000008,pedestrian,8,0.0004661760838126,-2.3099870161405467,0.7973787385047912,0.1689076953808917,0.5263149819640824,,,,
129,0,1.2000000000000008,pedestrian,9,1.4790545488675342,-0.148856878842151,-4.532177913512103,-0.236252638325724,1.1607588659935155,,,,
130,0,1.2000000000000008,pedestrian,10,1.215681913703928,-3.1512757126136948,2.744139776361153,-0.2311605576995453,-0.0767127995333616,,,,
131,0,1.2000000000000008,pedestrian,11,2.7244464067514254,-0.8590407362228096,-1.8909526470534768,-0.3064434485797688,-0.9935343448501393,,,,
132,0,1.310000000000001,robot,0,-1.1244549566575208,-0.3931744861988878,-0.0441558691799204,1.798245536242445,-0.0794547400807981,1.8000000178560376,-0.3554955065387825,2.2004527863970527,-0.4046980602185517
133,0,1.310000000000001,pedestrian,1,1.476718318925261,-2.106859640328309,-2.726728038049608,0.3242355247975414,0.1975959438735887,,,,
134,0,1.310000000000001,pedestrian,2,0.6592755388494722,-1.4812725266616635,0.1857970256986713,1.1773403957451165,0.2738854912374794,,,,
135,0,1.310000000000001,pedestrian,3,-0.3200620406549421,-1.2550151138926569,-0.5646379205414209,0.8358806448690863,-0.5236720812225572,,,,
136,0,1.310000000000001,pedestrian,4,1.772960117192801,0.7252584615420181,3.9350092091808966,-0.6126000788091109,-0.5675388579233874,,,,
137,0,1.310000000000001,pedestrian,5,2.2254307947951086,-1.738903565274834,-3.531454038858827,-0.6607256440148633,0.2798935652058592,,,,
138,0,1.310000000000001,pedestrian,6,0.7920120690764125,-2.501412950985152,0.0397673245600052,-0.0831456772255125,-0.0786170347675185,,,,
139,0,1.310000000000001,pedestrian,7,0.1746157067602236,2.5874284780406467,-2.957396501840312,-0.8315833742458327,-0.1609015785305167,,,,
140,0,1.310000000000001,pedestrian,8,0.0213593613227422,-2.2508211728805776,0.7981525941807626,0.2119338623314511,0.5568819172355783,,,,
141,0,1.310000000000001,pedestrian,9,1.4529833496584486,-0.0214693572355016,-4.540398784478555,-0.2470478713462257,1.1284507417042176,,,,
142,0,1.310000000000001,pedestrian,10,1.191213113629546,-3.1634648229605977,2.7465797645815884,-0.2058351253941502,-0.1517571283313907,,,,
143,0,1.310000000000001,pedestrian,11,2.689916487282716,-0.9688976670051994,-1.8999612136111124,-0.3177294594203859,-0.9967904664237596,,,,
144,0,1.420000000000001,robot,0,-0.9268470255297576,-0.4054281426510699,-0.0832603748991878,1.793764560184288,-0.149695580791829,1.800000017940635,0.219991923641998,2.2004527863970527,-0.4046980602185517
145,0,1.420000000000001,pedestrian,1,1.4969266857382046,-2.093730758772189,-2.730809471937879,-0.0198811598699185,0.0024926032406809,,,,
146,0,1.420000000000001,pedestrian,2,0.7889348235323276,-1.4514789727186237,0.1832004853334348,1.1763800465966636,0.2685545466408621,,,,
147,0,1.420000000000001,pedestrian,3,-0.2253510883898232,-1.3144079176354224,-0.5682506344873325,0.8868128987945887,-0.5517769544625761,,,,
148,0,1.420000000000001,pedestrian,4,1.7146177578491557,0.6796508124256447,3.943467570143621,-0.3355632768583564,-0.066431321792147,,,,
149,0,1.420000000000001,pedestrian,5,2.1574475918762315,-1.7071454830721813,-3.54126710289612,-0.5560068879214999,0.2957274237337508,,,,
150,0,1.420000000000001,pedestrian,6,0.7874002432693097,-2.50346338802068,0.0501881476131375,0.0235225754083546,0.0381850117516867,,,,
151,0,1.420000000000001,pedestrian,7,0.0825801280464585,2.5698473722987027,-2.961064561823202,-0.8423217384563083,-0.1586021993897972,,,,
152,0,1.420000000000001,pedestrian,8,0.0462843098032466,-2.187507150004895,0.7962902964402307,0.2450892177826531,0.594037878063749,,,,
153,0,1.420000000000001,pedestrian,9,1.4195027198969803,0.0854175653747729,-4.547518741008902,-0.4383811593529836,0.613709790420566,,,,
154,0,1.420000000000001,pedestrian,10,1.1702093050994786,-3.182886262229843,2.746992063851474,-0.1773260902306309,-0.197202965089462,,,,
155,0,1.420000000000001,pedestrian,11,2.656234618047413,-1.0760270987005198,-1.9070497353059035,-0.2771326573801095,-0.9265055583484068,,,,
156,0,1.5300000000000011,robot,0,-0.729368517766006,-0.4197229828092218,-0.0590612632985685,1.7968615208456864,-0.1062484799440136,1.8000000179322733,-0.0989695299211223,2.2004527863970527,-0.4046980602185517
157,0,1.5300000000000011,pedestrian,1,1.4748138799988657,-2.1060151386517547,-2.73277124069871,-0.3865612718836211,-0.2389252299422417,,,,
158,0,1.5300000000000011,pedestrian,2,0.917252743942362,-1.421626264417825,0.1811154496129769,1.14922068495907,0.2796259117821257,,,,
159,0,1.5300000000000011,pedestrian,3,-0.1268608795703643,-1.373111501321069,-0.5708375576654924,0.8908274824979294,-0.475900216068462,,,,
160,0,1.5300000000000011,pedestrian,4,1.710309971339332,0.7219636112430484,3.954846107952571,0.2524409235314729,0.7540708948905972,,,,
161,0,1.5300000000000011,pedestrian,5,2.099693409052952,-1.6764500860888574,-3.549433487249172,-0.5319231644614151,0.236036733466731,,,,
162,0,1.5300000000000011,pedestrian,6,0.7958819803827694,-2.4973404808084534,0.057165381477065,0.122841081243812,0.0578170310290125,,,,
163,0,1.5300000000000011,pedestrian,7,-0.0105121022091494,2.552503237973851,-2.964093702937012,-0.8506785909374028,-0.1566101883916829,,,,
164,0,1.5300000000000011,pedestrian,8,0.075856762709232,-2.123220993132596,0.7926352758688432,0.3066031435613201,0.5372595437744206,,,,
165,0,1.5300000000000011,pedestrian,9,1.3538447586707592,0.1011524120169212,-4.558747449028913,-0.6831221614620279,-0.2528251013258394,,,,
166,0,1.5300000000000011,pedestrian,10,1.150855191869402,-3.2048908643261886,2.7457662218931653,-0.18043846828311,-0.1969816014617051,,,,
167,0,1.5300000000000011,pedestrian,11,2.632837265289101,-1.1685122421491552,-1.913361456584194,-0.1034170338877258,-0.7060475991689154,,,,
168,0,1.6400000000000012,robot,0,-0.5317749724667159,-0.4323881964575626,-0.069947911589892,1.79559837368951,-0.1258035967680228,1.8000000179225206,-0.0771371835037551,2.2004527863970527,-0.4046980602185517
169,0,1.6400000000000012,pedestrian,1,1.4267604031313914,-2.138858664485742,-2.733895822495224,-0.413186485068831,-0.3275050817720034,,,,
170,0,1.6400000000000012,pedestrian,2,1.0412066371064452,-1.3890262842729553,0.1793032850064603,1.0976229264197686,0.3211864855508902,,,,
171,0,1.6400000000000012,pedestrian,3,-0.0340520317915442,-1.4078437137590492,-0.5730230227381387,0.752294475027063,-0.0362505873886384,,,,
172,0,1.6400000000000012,pedestrian,4,1.7437146988913266,0.8015526260726801,3.969081128407303,0.2963950226108556,0.6031554397656905,,,,
173,0,1.6400000000000012,pedestrian,5,2.032309199935559,-1.6559671861349414,-3.556306606557268,-0.719977343726984,0.1508531176997401,,,,
174,0,1.6400000000000012,pedestrian,6,0.8067149244305447,-2.4949174210549843,0.061270694263996,0.0109369234047632,-0.0505655361844163,,,,
175,0,1.6400000000000012,pedestrian,7,-0.1044269552121975,2.535365295112837,-2.9666296104187886,-0.8571879951785027,-0.1548674451388768,,,,
176,0,1.6400000000000012,pedestrian,8,0.1147120590898904,-2.080653944548962,0.7879039240533494,0.4074256848212278,0.1212245641542535,,,,
177,0,1.6400000000000012,pedestrian,9,1.2894905761788646,0.074923441563764,-4.577655905026737,-0.4454507885055856,-0.1310843359869331,,,,
178,0,1.6400000000000012,pedestrian,10,1.1296876204000008,-3.225558311066199,2.7433512186160764,-0.2100230295119027,-0.1755482468335616,,,,
179,0,1.6400000000000012,pedestrian,11,2.635127241539403,-1.2310030492116566,-1.920694951011623,0.1555211099981313,-0.4209960984282264,,,,
180,0,1.750000000000001,robot,0,-0.3343145804909646,-0.4469882345584793,-0.0784330017753069,1.7944662933837068,-0.1410346993857011,1.8000000177494886,-0.1159876610396064,2.2004527863970527,-0.4046980602185517
181,0,1.750000000000001,pedestrian,1,1.3968155882093594,-2.1701465196753067,-2.735045465113753,-0.0840050214482443,-0.2200102308556062,,,,
182,0,1.750000000000001,pedestrian,2,1.1588418434263472,-1.3513267153279616,0.1774231458397622,1.024171559799078,0.3666726222264261,,,,
183,0,1.750000000000001,pedestrian,3,0.0371075725114088,-1.3838306791656116,-0.5767441877975392,0.5365242329777297,0.4164708447035242,,,,
184,0,1.750000000000001,pedestrian,4,1.7701319157112183,0.8531557955273473,3.9800691723367065,0.1641441858060774,0.3155485327559144,,,,
185,0,1.750000000000001,pedestrian,5,1.949104624679517,-1.6355263613464328,-3.56184956302698,-0.7402877143414026,0.2549965018785522,,,,
186,0,1.750000000000001,pedestrian,6,0.7903448319896976,-2.5122427369932074,0.0639455248360584,-0.3385812794970603,-0.2927824297301181,,,,
187,0,1.750000000000001,pedestrian,7,-0.1989828677524165,2.5184084953259926,-2.96877895164756,-0.8622639038032559,-0.1533286681044999,,,,
188,0,1.750000000000001,pedestrian,8,0.158489767225971,-2.0932482326719524,0.7837748012615058,0.3252012351004004,-0.2816652951612172,,,,
189,0,1.750000000000001,pedestrian,9,1.2510129236086198,0.0749976579393886,-4.596839274486204,-0.2569459315455932,0.1549446451991182,,,,
190,0,1.750000000000001,pedestrian,10,1.1047663277465207,-3.2438285821511603,2.7402041325199704,-0.2449045272069019,-0.1572926755367968,,,,
191,0,1.750000000000001,pedestrian,11,2.6568140653166386,-1.2711521568419926,-1.93041205108931,0.2007215108249446,-0.3387483614315038,,,,
192,0,1.8600000000000012,robot,0,-0.1370179048422636,-0.4636464198483561,-0.0911916444896649,1.792520878400438,-0.1639175536563453,1.8000000177090263,-0.0702727405399519,2.2004527863970527,-0.4046980602185517
193,0,1.8600000000000012,pedestrian,1,1.395840804938688,-2.1929195632239957,-2.736851573859599,0.0069640464829067,-0.2252310597968125,,,,
194,0,1.8600000000000012,pedestrian,2,1.258700759962548,-1.3071210118841838,0.1748175342002298,0.6570902650467156,0.4788528375067771,,,,
195,0,1.8600000000000012,pedestrian,3,0.0915180519141471,-1.3414421132563588,-0.584499109136353,0.4736816306551306,0.2795091663061655,,,,
196,0,1.8600000000000012,pedestrian,4,1.780926836494377,0.8758607091168736,3.9872076123328863,0.0216428797481738,0.0875878206885785,,,,
197,0,1.8600000000000012,pedestrian,5,1.8840732917288168,-1.602647719701136,-3.566310153452606,-0.2907114299648304,0.288282651298637,,,,
198,0,1.8600000000000012,pedestrian,6,0.7497090972600586,-2.553318616213745,0.0674707745970776,-0.3067780875434401,-0.4386884940096467,,,,
199,0,1.8600000000000012,pedestrian,7,-0.2940389365282606,2.501612230989571,-2.970620954623165,-0.866227080267758,-0.1519589441773234,,,,
200,0,1.8600000000000012,pedestrian,8,0.1785260972490439,-2.1161228893565966,0.7840945455093733,-0.0034693541842921,-0.0500016192525431,,,,
201,0,1.8600000000000012,pedestrian,9,1.2279033295819526,0.1045117373908925,-4.612131864316664,-0.1674015607904349,0.3933584443199205,,,,
202,0,1.8600000000000012,pedestrian,10,1.076894575688346,-3.261173938085449,2.736625947529725,-0.2566974960772979,-0.1657015524876438,,,,
203,0,1.8600000000000012,pedestrian,11,2.67411592521296,-1.3109278329786669,-1.9415713116430175,0.0970459150246757,-0.4017308415267877,,,,
204,0,1.9700000000000013,robot,0,0.0600943339256495,-0.4823700012422641,-0.0989216459490589,1.791200254135852,-0.1777687074154333,1.8000000176484925,0.4050702221028379,2.2004527863970527,-0.4046980602185517
205,0,1.9700000000000013,pedestrian,1,1.3910004250527186,-2.220267003708116,-2.7393005781964144,-0.1050338682443257,-0.2553931369195246,,,,
206,0,1.9700000000000013,pedestrian,2,1.288806534247939,-1.2415967693040937,0.1685134005151633,-0.132230597403136,0.6913966050610542,,,,
207,0,1.9700000000000013,pedestrian,3,0.1456458454590774,-1.325515881665377,-0.5944667610664418,0.5265065203430198,-0.015790955802249,,,,
208,0,1.9700000000000013,pedestrian,4,1.7771567003176283,0.8767495292142135,3.99169133368004,-0.0949091908531423,-0.0758617989895535,,,,
209,0,1.9700000000000013,pedestrian,5,1.8971880610025764,-1.588127855751647,-3.5710922541114094,0.5327833723350484,-0.0768931199456402,,,,
210,0,1.9700000000000013,pedestrian,6,0.7284524606895257,-2.600474055484192,0.0732300786850199,-0.0891747713155011,-0.370862788658942,,,,
211,0,1.9700000000000013,pedestrian,7,-0.3894857640644821,2.484959315452792,-2.972215280405951,-0.8693260744913187,-0.1507313422887903,,,,
212,0,1.9700000000000013,pedestrian,8,0.1666725797793098,-2.1068005837121317,0.7872308646954204,-0.1726684873611974,0.196827602529508,,,,
213,0,1.9700000000000013,pedestrian,9,1.2115326550273178,0.1572081975173548,-4.623391901637818,-0.1342025143621629,0.5706449740472439,,,,
214,0,1.9700000000000013,pedestrian,10,1.050047620416223,-3.28218847412266,2.73268626352109,-0.2179800806131723,-0.2352258208590435,,,,
215,0,1.9700000000000013,pedestrian,11,2.6800540374040307,-1.3595594370772512,-1.9524276303961787,0.0186703286720578,-0.486969104502421,,,,
216,0,2.08,robot,0,0.2574657794260305,-0.4979289544184624,-0.0543639215177473,1.7973407802865071,-0.0978068660865013,1.8000000175548825,0.8726645154483649,2.2004527863970527,-0.4046980602185517
217,0,2.08,pedestrian,1,1.37651140665749,-2.2451164377543606,-2.7421173973983177,-0.1450624038315301,-0.1789102907235126,,,,
218,0,2.08,pedestrian,2,1.266422911705836,-1.1725042443546947,0.1539691248082657,-0.1733147959074762,0.508894348380226,,,,
219,0,2.08,pedestrian,3,0.2076530188926633,-1.338019184692258,-0.6037673114567962,0.6082568044596436,-0.1887431923383697,,,,
220,0,2.08,pedestrian,4,1.7626987862511474,0.8629488290306727,3.994539717453303,-0.1638216725548817,-0.1708249585809867,,,,
221,0,2.08,pedestrian,5,1.957508517880049,-1.6054756499778386,-3.5757627031423738,0.4037658900140836,-0.1995125395376385,,,,
222,0,2.08,pedestrian,6,0.7199044647818434,-2.6307029527586723,0.0805522975076716,-0.0954001599611909,-0.1624095476748508,,,,
223,0,2.08,pedestrian,7,-0.4852383671783458,2.4684352099272258,-2.9736074652155366,-0.8717535103196594,-0.1496248977358879,,,,
224,0,2.08,pedestrian,8,0.1499687302720446,-2.0850961014178573,0.7882509890833356,-0.1124276142627363,0.152194922932446,,,,
225,0,2.08,pedestrian,9,1.1968269538602705,0.2261605212440838,-4.631600511627255,-0.1406793980601189,0.6803936671783941,,,,
226,0,2.08,pedestrian,10,1.029937545176533,-3.3136004173270366,2.7281794134238546,-0.1399880808067053,-0.3406198094109143,,,,
227,0,2.08,pedestrian,11,2.6839909924668386,-1.4153650457411548,-1.962333420381813,0.0931850702650527,-0.515566278261473,,,,
228,0,2.1899999999999973,robot,0,0.4553790018942391,-0.5000527825114384,0.0416291751815749,1.7984405533666084,0.0749108750715448,1.8000000177836646,0.8726646321557648,2.2004527863970527,-0.4046980602185517
229,0,2.1899999999999973,pedestrian,1,1.36188894519199,-2.260035462838732,-2.74495887521845,-0.112454230229249,-0.0888394883512853,,,,
230,0,2.1899999999999973,pedestrian,2,1.258672191550522,-1.1275143065775883,0.1359411152184033,0.0619845178588976,0.3069272341184589,,,,
231,0,2.1899999999999973,pedestrian,3,0.2785293472509729,-1.35734940351487,-0.6115816843031944,0.6870886272422703,-0.1301635452657459,,,,
232,0,2.1899999999999973,pedestrian,4,1.7447036201048425,0.8432550715826417,3.996411851238908,-0.1400578319122906,-0.1664117387410935,,,,
233,0,2.1899999999999973,pedestrian,5,1.974342977630622,-1.6255887088327787,-3.578597573245994,-0.1456978658033903,-0.1407151927380334,,,,
234,0,2.1899999999999973,pedestrian,6,0.7058357907753376,-2.6427145699289434,0.0879082407488887,-0.1603682100143236,-0.0772276884208961,,,,
235,0,2.1899999999999973,pedestrian,7,-0.581230685609963,2.4520274493822525,-2.974832736885744,-0.8736587100269622,-0.1486230471122939,,,,
236,0,2.1899999999999973,pedestrian,8,0.1398328661507001,-2.077757673743279,0.7862641179055476,-0.0880715755444937,-0.0407386589534818,,,,
237,0,2.1899999999999973,pedestrian,9,1.1788309840419244,0.3028138093453569,-4.637858906281468,-0.2054905124967649,0.696114362512473,,,,
238,0,2.1899999999999973,pedestrian,10,1.0171261989142462,-3.35287603528281,2.722820347409079,-0.1006953842638028,-0.3538857521675337,,,,
239,0,2.1899999999999973,pedestrian,11,2.7037686231182723,-1.47029681884301,-1.9723455350983825,0.2712090468015958,-0.4768738631452791,,,,
240,0,2.299999999999995,robot,0,0.6525846311590722,-0.4831976924269032,0.1376222847187111,1.7829810006766371,0.2469388897021484,1.800000017651796,0.8726646353976619,2.2004527863970527,-0.4046980602185517
241,0,2.299999999999995,pedestrian,1,1.3510255827430822,-2.267198793607313,-2.747423542209707,-0.0909069827168293,-0.0479976241875562,,,,
242,0,2.299999999999995,pedestrian,2,1.2782892279558995,-1.1005354567194303,0.1199856662835275,0.3233252163994946,0.1759105026396783,,,,
243,0,2.299999999999995,pedestrian,3,0.357575520573815,-1.367335260736429,-0.6187819624948016,0.7511733084843258,-0.0672651930640253,,,,
244,0,2.299999999999995,pedestrian,4,1.7365643620140023,0.8304509619170528,3.9976933420819054,0.0303024166467239,-0.0388648254837311,,,,
245,0,2.299999999999995,pedestrian,5,1.9398544352513225,-1.633975995606248,-3.5804977718653226,-0.4475682736663609,0.006659003297149,,,,
246,0,2.299999999999995,pedestrian,6,0.6876671416960396,-2.6525082618446003,0.0940071172586058,-0.1556412948172736,-0.1134157841394775,,,,
247,0,2.299999999999995,pedestrian,7,-0.6774113303852723,2.435725220053003,-2.975918721567604,-0.8751574704997678,-0.1477124603706683,,,,
248,0,2.299999999999995,pedestrian,8,0.1274670109341613,-2.088452805212008,0.7833171734885502,-0.1472313340492243,-0.1275612382602448,,,,
249,0,2.299999999999995,pedestrian,9,1.1494163571903189,0.3757135858726317,-4.643405299245336,-0.3528854842768199,0.612204741637175,,,,
250,0,2.299999999999995,pedestrian,10,1.0053512522161725,-3.3883755790412127,2.716824385809935,-0.123387904878272,-0.2770906512562208,,,,
251,0,2.299999999999995,pedestrian,11,2.7344696266595068,-1.5221689107395295,-1.984478568044236,0.2433687566882258,-0.478489860310888,,,,
252,0,2.4099999999999926,robot,0,0.8472668759881787,-0.4475188777347792,0.2336153946124559,1.7511044655652512,0.416693189557859,1.8000000168915704,0.4125273150008641,2.2004527863970527,-0.4046980602185517
253,0,2.4099999999999926,pedestrian,1,1.339955438403455,-2.272773847599035,-2.7492618160615905,-0.1199108332146489,-0.0608559445453478,,,,
254,0,2.4099999999999926,pedestrian,2,1.3282274858980525,-1.0881948830125794,0.107802615961295,0.605932702860953,0.0328485153328668,,,,
255,0,2.4099999999999926,pedestrian,3,0.4421812163556138,-1.3772871711032677,-0.6263957616667835,0.786948486380569,-0.1364982730054496,,,,
256,0,2.4099999999999926,pedestrian,4,1.7505359943614502,0.8333601572316977,3.9984559999604703,0.2231417385465504,0.0862488225063769,,,,
257,0,2.4099999999999926,pedestrian,5,1.8888647213183944,-1.6274242118824858,-3.5821763361333128,-0.4353416984215514,0.0960928103014646,,,,
258,0,2.4099999999999926,pedestrian,6,0.6733942733997906,-2.6673117341913346,0.0987701457910847,-0.0956461031927872,-0.1531964835610545,,,,
259,0,2.4099999999999926,pedestrian,7,-0.7737402919765359,2.419519048829592,-2.9768873792858623,-0.8763396300130328,-0.1468821900804508,,,,
260,0,2.4099999999999926,pedestrian,8,0.1090476233464873,-2.099144705614309,0.7809627021526161,-0.1784875522560432,-0.0406652732820893,,,,
261,0,2.4099999999999926,pedestrian,9,1.1038476077787132,0.4402169722637028,-4.650020802420354,-0.4628151183332648,0.5863481898663134,,,,
262,0,2.4099999999999926,pedestrian,10,0.989297187430134,-3.4144045004150123,2.710819362436621,-0.1751236946706766,-0.1918047350062214,,,,
263,0,2.4099999999999926,pedestrian,11,2.7531329241844533,-1.5774125698360817,-1.9984780288097583,0.0743464181742044,-0.5375324888608572,,,,
264,0,2.5199999999999902,robot,0,1.0388857195135917,-0.3977238146784204,0.2789933992625499,1.730399652346492,0.4956986019435538,1.800000016453316,-0.8726646337456909,2.2004527863970527,-0.4046980602185517
265,0,2.5199999999999902,pedestrian,1,1.3244648254089255,-2.280877109942235,-2.750516810926819,-0.1636602152181165,-0.087101287690415,,,,
266,0,2.5199999999999902,pedestrian,2,1.4023272650022631,-1.0878064289326412,0.0994196259264872,0.6853096452931698,0.0258661961263971,,,,
267,0,2.5199999999999902,pedestrian,3,0.5301233518229274,-1.398222106231771,-0.634403045026894,0.8150071127296721,-0.2570116148785746,,,,
268,0,2.5199999999999902,pedestrian,4,1.7782363077517818,0.843948569998876,3.9984144768615617,0.2568267002716928,0.0874011180659699,,,,
269,0,2.5199999999999902,pedestrian,5,1.8528560834646948,-1.6222031754410495,-3.5838700416223657,-0.1384141642532952,-0.0821058010393391,,,,
270,0,2.5199999999999902,pedestrian,6,0.6652215479079058,-2.684271256761038,0.1028881840930329,-0.0588443840344771,-0.1473480939213609,,,,
271,0,2.5199999999999902,pedestrian,7,-0.870186391253115,2.403400573513911,-2.9777563971012366,-0.8772749234054292,-0.1461230622750386,,,,
272,0,2.5199999999999902,pedestrian,8,0.0910721050116629,-2.0969991281972358,0.7788355149523263,-0.1324861967018062,0.0906077889106991,,,,
273,0,2.5199999999999902,pedestrian,9,1.0533785082726994,0.5107671244494029,-4.659052893927239,-0.4369142894837763,0.728024662879103,,,,
274,0,2.5199999999999902,pedestrian,10,0.967362942783824,-3.432476365382088,2.705252427278164,-0.2268271532771978,-0.1381925609685219,,,,
275,0,2.5199999999999902,pedestrian,11,2.753056405450766,-1.6404912170542338,-2.012220472232228,-0.0825312384955003,-0.6179468579473406,,,,
276,0,2.629999999999988,robot,0,1.2313536376111025,-0.3515691321349119,0.1830002895505265,1.7699438409763475,0.3275650454823159,1.800000016106433,-0.8726646324453958,2.2004527863970527,-0.4046980602185517
277,0,2.629999999999988,pedestrian,1,1.305299531514153,-2.290904506959299,-2.7513931541576424,-0.1807295410713188,-0.0909479935688891,,,,
278,0,2.629999999999988,pedestrian,2,1.4687528392158615,-1.075142924067369,0.0938740198602768,0.5162905317550478,0.1805707568044709,,,,
279,0,2.629999999999988,pedestrian,3,0.6213552449361768,-1.432424450038298,-0.6422223215878171,0.8471120460701677,-0.3728843135465731,,,,
280,0,2.629999999999988,pedestrian,4,1.8032599312319388,0.8501505158323553,3.997462623319162,0.181546214691631,0.0112288236534099,,,,
281,0,2.629999999999988,pedestrian,5,1.8618784568822455,-1.653195485511609,-3.58603528277158,0.3204137642668287,-0.5028700899551717,,,,
282,0,2.629999999999988,pedestrian,6,0.6579735696055983,-2.6989122900340416,0.106839501334718,-0.0858798259968792,-0.1142471799496944,,,,
283,0,2.629999999999988,pedestrian,7,-0.9667253051700876,2.3873623706452176,-2.97854019854494,-0.878017512316927,-0.1454272458145488,,,,
284,0,2.629999999999988,pedestrian,8,0.0809953547384149,-2.0812025605113718,0.7761003255251061,-0.0377487272165002,0.2028658103241238,,,,
285,0,2.629999999999988,pedestrian,9,1.0087381909544793,0.5992176567881334,-4.66978229436607,-0.3657968931497855,0.8831301800220998,,,,
286,0,2.629999999999988,pedestrian,10,0.9403427129378412,-3.4464747018090414,2.7002114820952,-0.2655248723579628,-0.119431939550515,,,,
287,0,2.629999999999988,pedestrian,11,2.7383467597171745,-1.7125406796181346,-2.024343345197676,-0.1829923210000228,-0.6982863641808102,,,,
288,0,2.7399999999999856,robot,0,1.4273592018578212,-0.3240741691999029,0.0870071799815352,1.7931910886802076,0.1564154003320964,1.8000000170936583,-0.8726646336672885,2.2004527863970527,-0.4046980602185517
289,0,2.7399999999999856,pedestrian,1,1.285833145016842,-2.30013919535871,-2.752052928900077,-0.1680151641538101,-0.0734120805462135,,,,
290,0,2.7399999999999856,pedestrian,2,1.5256851051569789,-1.0663306611082148,0.0894140852200653,0.545527354933429,-0.0991293102083227,,,,
291,0,2.7399999999999856,pedestrian,3,0.7161229178589816,-1.4784947118043856,-0.6494094722319337,0.877628753940973,-0.4697837592748563,,,,
292,0,2.7399999999999856,pedestrian,4,1.8180455584680035,0.8464571510958175,3.9958977014221135,0.0764672574854997,-0.0888618863462322,,,,
293,0,2.7399999999999856,pedestrian,5,1.9057772235719248,-1.7150447844223358,-3.589328738560178,0.4166467608468813,-0.5627501584934205,,,,
294,0,2.7399999999999856,pedestrian,6,0.6450969917346808,-2.709831049955503,0.1106412727808063,-0.1589709452718274,-0.083004845055942,,,,
295,0,2.7399999999999856,pedestrian,7,-1.0633380371389447,2.371397823871136,-2.979250681137975,-0.8786094903614755,-0.1447879502686297,,,,
296,0,2.7399999999999856,pedestrian,8,0.0821086781544848,-2.054103780852289,0.7725842942118909,0.067030650277543,0.2960109291006856,,,,
297,0,2.7399999999999856,pedestrian,9,0.9724096177070416,0.7013485876007938,-4.680983855572104,-0.2882826695148816,0.9752965876510342,,,,
298,0,2.7399999999999856,pedestrian,10,0.909748593446546,-3.459550893060983,2.695554993339839,-0.2914399223562,-0.1197619234310301,,,,
299,0,2.7399999999999856,pedestrian,11,2.7164596992205614,-1.7929962510515902,-2.034648045057047,-0.1989190286020734,-0.7690259663975063,,,,
300,0,2.849999999999983,robot,0,1.6250976708956926,-0.3154920885711659,-0.0089859297218661,1.7999273453423024,-0.0161744559779588,1.8000000103376272,-0.872664607191469,2.2004527863970527,-0.4046980602185517
301,0,2.849999999999983,pedestrian,1,1.2687270250884664,-2.307508420963267,-2.752549726652678,-0.1392932025231628,-0.066231272499043,,,,
302,0,2.849999999999983,pedestrian,2,1.5874813865701287,-1.0903255946477637,0.0860116184450465,0.5642597647650298,-0.291573459054159,,,,
303,0,2.849999999999983,pedestrian,3,0.8136033024318824,-1.5338442392224283,-0.6557963120437429,0.8907459252211343,-0.5352739859297514,,,,
304,0,2.849999999999983,pedestrian,4,1.8211922833680672,0.8316014509493547,3.994067292270405,-0.0276913038100118,-0.1894860954803295,,,,
305,0,2.849999999999983,pedestrian,5,1.942589659483949,-1.770678958265154,-3.5934073090509866,0.1981249497246922,-0.4301347546301139,,,,
306,0,2.849999999999983,pedestrian,6,0.623759685492369,-2.717751665158089,0.1140555463111893,-0.2316075994620771,-0.0595472684627927,,,,
307,0,2.849999999999983,pedestrian,7,-1.160009731478896,2.3555010207422096,-2.9798977610736945,-0.8790835955585482,-0.1441992139719984,,,,
308,0,2.849999999999983,pedestrian,8,0.0944384072433617,-2.017315779030898,0.7685346905741551,0.1644742761695753,0.3793672888542452,,,,
309,0,2.849999999999983,pedestrian,9,0.9441463770884116,0.8122443455928242,-4.691985539741084,-0.2221792987666874,1.0461551084679337,,,,
310,0,2.849999999999983,pedestrian,10,0.8766866001389013,-3.4727948994994047,2.6910791883820533,-0.3109802471207146,-0.1197486088656244,,,,
311,0,2.849999999999983,pedestrian,11,2.698618476482777,-1.8806651264971,-2.043821999849828,-0.0982778559503572,-0.828848734845416,,,,
312,0,2.959999999999981,robot,0,1.8227483464906995,-0.3259019103726538,-0.1049790365129297,1.79009057765738,-0.1886153784762145,1.8000000021779774,-0.5498193488086117,2.2004527863970527,-0.4046980602185517
313,0,2.959999999999981,pedestrian,1,1.2549479132730947,-2.3172967457589184,-2.752919002070585,-0.1077980191891455,-0.139321261176406,,,,
314,0,2.959999999999981,pedestrian,2,1.6476897477661137,-1.1174526027732363,0.0855893322096294,0.5230191479288709,-0.1523113972422908,,,,
315,0,2.959999999999981,pedestrian,3,0.9102618427270344,-1.593221600308547,-0.6614645544348909,0.8499016456605258,-0.5227971785060821,,,,
316,0,2.959999999999981,pedestrian,4,1.8131886894827347,0.8060337219576577,3.992189904437416,-0.1260531648428387,-0.2822917907774361,,,,
317,0,2.959999999999981,pedestrian,5,1.9491545800051835,-1.8115747583503687,-3.597455972976767,-0.0917390449672049,-0.3118309422974682,,,,
318,0,2.959999999999981,pedestrian,6,0.5960541437817887,-2.723157779322567,0.1168243676295898,-0.2688318384735353,-0.0362110797989351,,,,
319,0,2.959999999999981,pedestrian,7,-1.2567287541573986,2.33966666951598,-2.98048978074891,-0.8794653098444778,-0.1436557537863967,,,,
320,0,2.959999999999981,pedestrian,8,0.1170929155145206,-1.971646384246398,0.7642150489132085,0.2549845405370591,0.4571332181709452,,,,
321,0,2.959999999999981,pedestrian,9,0.922455112571911,0.930628506692894,-4.702402472007171,-0.1687770499240599,1.1112811743947115,,,,
322,0,2.959999999999981,pedestrian,10,0.8415369643799447,-3.4855430683585413,2.686636656089373,-0.3301300966580784,-0.1090966005150714,,,,
323,0,2.959999999999981,pedestrian,11,2.6946381090469296,-1.9743876954503468,-2.053592194934418,0.0217636696769151,-0.8764444324214373,,,,
